{
  "cv_rmse_mean": 1.3231197669590267,
  "cv_rmse_std": 0.5701079646701831,
  "n_rows": 301,
  "n_features": 9
}